{
  "best_epoch": 3,
  "epochs_ran": 28,
  "best_val_loss": 1.0980633477854536,
  "val_accuracy": 0.1897018970189702,
  "val_balanced_accuracy": 0.3443781421363333,
  "train_windows": 1443,
  "val_windows": 369,
  "neutral_threshold": 0.0045,
  "class_distribution_train": {
    "up": 133,
    "neutral": 1189,
    "down": 121
  },
  "class_distribution_val": {
    "up": 28,
    "neutral": 307,
    "down": 34
  },
  "class_weight_balanced": {
    "up": 3.6165413856506348,
    "neutral": 0.40454164147377014,
    "down": 3.9752066135406494
  },
  "per_class_accuracy": {
    "up": {
      "correct": 24,
      "total": 28,
      "accuracy": 0.8571428571428571
    },
    "neutral": {
      "correct": 45,
      "total": 307,
      "accuracy": 0.1465798045602606
    },
    "down": {
      "correct": 1,
      "total": 34,
      "accuracy": 0.029411764705882353
    }
  }
}