{
  "up": {
    "correct": 8,
    "total": 115,
    "accuracy": 0.06956521739130435
  },
  "neutral": {
    "correct": 16,
    "total": 55,
    "accuracy": 0.2909090909090909
  },
  "down": {
    "correct": 90,
    "total": 105,
    "accuracy": 0.8571428571428571
  }
}