{
  "best_epoch": 6,
  "epochs_ran": 10,
  "best_val_loss": 0.1697917006774382,
  "best_val_balanced_accuracy": 0.39191919191919194,
  "val_accuracy": 0.32727272727272727,
  "val_balanced_accuracy": 0.39191919191919194,
  "test_accuracy": 0.3175182481751825,
  "test_balanced_accuracy": 0.33516357812857467,
  "train_windows": 1252,
  "val_windows": 275,
  "test_windows": 274,
  "neutral_threshold": 0.0005545284650817446,
  "focal_gamma": 1.1559000534435504,
  "class_distribution_train": {
    "up": 489,
    "neutral": 251,
    "down": 512
  },
  "class_distribution_val": {
    "up": 114,
    "neutral": 51,
    "down": 110
  },
  "class_distribution_test": {
    "up": 103,
    "neutral": 47,
    "down": 124
  },
  "class_distribution_train_pct": {
    "up": 0.39057507987220447,
    "neutral": 0.20047923322683706,
    "down": 0.40894568690095845
  },
  "class_distribution_val_pct": {
    "up": 0.41454545454545455,
    "neutral": 0.18545454545454546,
    "down": 0.4
  },
  "class_distribution_test_pct": {
    "up": 0.3759124087591241,
    "neutral": 0.17153284671532848,
    "down": 0.45255474452554745
  },
  "predicted_distribution_val": {
    "up": 0,
    "neutral": 139,
    "down": 136
  },
  "actual_distribution_val": {
    "up": 114,
    "neutral": 51,
    "down": 110
  },
  "class_weight_balanced": {
    "up": 0.853442370891571,
    "neutral": 1.6626826524734497,
    "down": 0.8151041865348816
  },
  "per_class_accuracy": {
    "up": {
      "correct": 0,
      "total": 114,
      "accuracy": 0.0
    },
    "neutral": {
      "correct": 34,
      "total": 51,
      "accuracy": 0.6666666666666666
    },
    "down": {
      "correct": 56,
      "total": 110,
      "accuracy": 0.509090909090909
    }
  },
  "per_class_accuracy_test": {
    "up": {
      "correct": 0,
      "total": 103,
      "accuracy": 0.0
    },
    "neutral": {
      "correct": 23,
      "total": 47,
      "accuracy": 0.48936170212765956
    },
    "down": {
      "correct": 64,
      "total": 124,
      "accuracy": 0.5161290322580645
    }
  },
  "final_train_loss": 0.16182460409764665,
  "final_val_loss": 0.16835904083468697,
  "early_stopped": true
}