{
  "up": {
    "correct": 0,
    "total": 114,
    "accuracy": 0.0
  },
  "neutral": {
    "correct": 34,
    "total": 51,
    "accuracy": 0.6666666666666666
  },
  "down": {
    "correct": 56,
    "total": 110,
    "accuracy": 0.509090909090909
  }
}