{
  "best_epoch": 9,
  "epochs_ran": 24,
  "best_val_loss_scaled": 1.0030856366726117,
  "val_rmse_inr": 6.482724746226515,
  "val_mae_inr": 3.9811944507452774,
  "val_mape": 0.002831904631284213,
  "val_directional_accuracy": 0.48509485094850946,
  "train_sequences": 1453,
  "val_sequences": 369,
  "train_split_index": 1473
}