{
  "best_epoch": 13,
  "epochs_ran": 28,
  "best_val_loss": 0.17625702202320098,
  "best_val_balanced_accuracy": 0.3820089439284486,
  "val_accuracy": 0.36727272727272725,
  "val_balanced_accuracy": 0.3820089439284486,
  "test_accuracy": 0.2664233576642336,
  "test_balanced_accuracy": 0.30950905460304345,
  "train_windows": 1252,
  "val_windows": 275,
  "test_windows": 274,
  "neutral_threshold": 0.0005545284650817446,
  "focal_gamma": 1.1559000534435504,
  "class_distribution_train": {
    "up": 489,
    "neutral": 251,
    "down": 512
  },
  "class_distribution_val": {
    "up": 114,
    "neutral": 51,
    "down": 110
  },
  "class_distribution_test": {
    "up": 103,
    "neutral": 47,
    "down": 124
  },
  "class_distribution_train_pct": {
    "up": 0.39057507987220447,
    "neutral": 0.20047923322683706,
    "down": 0.40894568690095845
  },
  "class_distribution_val_pct": {
    "up": 0.41454545454545455,
    "neutral": 0.18545454545454546,
    "down": 0.4
  },
  "class_distribution_test_pct": {
    "up": 0.3759124087591241,
    "neutral": 0.17153284671532848,
    "down": 0.45255474452554745
  },
  "predicted_distribution_val": {
    "up": 171,
    "neutral": 104,
    "down": 0
  },
  "actual_distribution_val": {
    "up": 114,
    "neutral": 51,
    "down": 110
  },
  "class_weight_balanced": {
    "up": 0.853442370891571,
    "neutral": 1.6626826524734497,
    "down": 0.8151041865348816
  },
  "per_class_accuracy": {
    "up": {
      "correct": 77,
      "total": 114,
      "accuracy": 0.6754385964912281
    },
    "neutral": {
      "correct": 24,
      "total": 51,
      "accuracy": 0.47058823529411764
    },
    "down": {
      "correct": 0,
      "total": 110,
      "accuracy": 0.0
    }
  },
  "per_class_accuracy_test": {
    "up": {
      "correct": 54,
      "total": 103,
      "accuracy": 0.5242718446601942
    },
    "neutral": {
      "correct": 19,
      "total": 47,
      "accuracy": 0.40425531914893614
    },
    "down": {
      "correct": 0,
      "total": 124,
      "accuracy": 0.0
    }
  },
  "final_train_loss": 0.14307397487350165,
  "final_val_loss": 0.19330500505187295,
  "early_stopped": true
}