{
  "up": {
    "correct": 77,
    "total": 114,
    "accuracy": 0.6754385964912281
  },
  "neutral": {
    "correct": 24,
    "total": 51,
    "accuracy": 0.47058823529411764
  },
  "down": {
    "correct": 0,
    "total": 110,
    "accuracy": 0.0
  }
}