{
  "best_epoch": 1,
  "epochs_ran": 2,
  "best_val_loss": 1.1095713797482578,
  "val_accuracy": 0.13090909090909092,
  "val_balanced_accuracy": 0.30150958792329663,
  "test_accuracy": 0.09818181818181818,
  "test_balanced_accuracy": 0.3068181818181818,
  "train_windows": 1252,
  "val_windows": 275,
  "test_windows": 275,
  "neutral_threshold": 0.0045,
  "class_distribution_train": {
    "up": 152,
    "neutral": 951,
    "down": 149
  },
  "class_distribution_val": {
    "up": 43,
    "neutral": 194,
    "down": 38
  },
  "class_distribution_test": {
    "up": 24,
    "neutral": 218,
    "down": 33
  },
  "class_distribution_train_pct": {
    "up": 0.12140575079872204,
    "neutral": 0.7595846645367412,
    "down": 0.11900958466453675
  },
  "class_distribution_val_pct": {
    "up": 0.15636363636363637,
    "neutral": 0.7054545454545454,
    "down": 0.13818181818181818
  },
  "class_distribution_test_pct": {
    "up": 0.08727272727272728,
    "neutral": 0.7927272727272727,
    "down": 0.12
  },
  "predicted_distribution_val": {
    "up": 96,
    "neutral": 0,
    "down": 179
  },
  "actual_distribution_val": {
    "up": 43,
    "neutral": 194,
    "down": 38
  },
  "class_weight_balanced": {
    "up": 2.7456140518188477,
    "neutral": 0.43883630633354187,
    "down": 2.8008947372436523
  },
  "per_class_accuracy": {
    "up": {
      "correct": 14,
      "total": 43,
      "accuracy": 0.32558139534883723
    },
    "neutral": {
      "correct": 0,
      "total": 194,
      "accuracy": 0.0
    },
    "down": {
      "correct": 22,
      "total": 38,
      "accuracy": 0.5789473684210527
    }
  },
  "per_class_accuracy_test": {
    "up": {
      "correct": 9,
      "total": 24,
      "accuracy": 0.375
    },
    "neutral": {
      "correct": 0,
      "total": 218,
      "accuracy": 0.0
    },
    "down": {
      "correct": 18,
      "total": 33,
      "accuracy": 0.5454545454545454
    }
  },
  "final_train_loss": 1.1004326057891114,
  "final_val_loss": 1.137199392752214,
  "early_stopped": true
}