{
  "up": {
    "correct": 14,
    "total": 43,
    "accuracy": 0.32558139534883723
  },
  "neutral": {
    "correct": 0,
    "total": 194,
    "accuracy": 0.0
  },
  "down": {
    "correct": 22,
    "total": 38,
    "accuracy": 0.5789473684210527
  }
}