{
  "best_epoch": 30,
  "epochs_ran": 55,
  "best_val_loss_scaled": 1.3345629571244242,
  "val_rmse_inr": 1.4641270178626444,
  "val_mae_inr": 0.8281724127717052,
  "val_mape": 0.004162776235882512,
  "val_directional_accuracy": 0.5422343324250681,
  "train_sequences": 1446,
  "val_sequences": 367,
  "train_split_index": 1466
}