{
  "best_epoch": 10,
  "epochs_ran": 10,
  "best_val_loss_scaled": 0.9275185314641483,
  "val_rmse_returns": 0.0048047817581851745,
  "val_mae_returns": 0.0029192472007282607,
  "test_rmse_returns": 0.004720418423319098,
  "test_mae_returns": 0.0029887568818314546,
  "val_directional_accuracy": 0.5543478260869565,
  "arima_order": [
    5,
    1,
    0
  ],
  "train_sequences": 1268,
  "val_sequences": 276,
  "test_sequences": 277,
  "train_split_index": 1288,
  "val_split_index": 1564,
  "final_train_loss": 0.8635259548948391,
  "final_val_loss": 0.9275185314641483,
  "early_stopped": false,
  "test_sharpe": 1.2881345837780012,
  "test_max_drawdown": 0.06520189351346783,
  "test_win_rate": 0.5306859205776173,
  "test_profit_factor": 1.1120085638648045,
  "test_average_trade_return": 0.00014389617786094892,
  "test_total_trades": 277
}