{
  "best_epoch": 7,
  "epochs_ran": 10,
  "best_val_loss": 1.1610191462256692,
  "best_val_balanced_accuracy": 0.38311524435639566,
  "val_accuracy": 0.5018181818181818,
  "val_balanced_accuracy": 0.38311524435639566,
  "test_accuracy": 0.49454545454545457,
  "test_balanced_accuracy": 0.34211379853581686,
  "train_windows": 1252,
  "val_windows": 275,
  "test_windows": 275,
  "neutral_threshold": 0.0045,
  "class_distribution_train": {
    "up": 152,
    "neutral": 951,
    "down": 149
  },
  "class_distribution_val": {
    "up": 43,
    "neutral": 194,
    "down": 38
  },
  "class_distribution_test": {
    "up": 24,
    "neutral": 218,
    "down": 33
  },
  "class_distribution_train_pct": {
    "up": 0.12140575079872204,
    "neutral": 0.7595846645367412,
    "down": 0.11900958466453675
  },
  "class_distribution_val_pct": {
    "up": 0.15636363636363637,
    "neutral": 0.7054545454545454,
    "down": 0.13818181818181818
  },
  "class_distribution_test_pct": {
    "up": 0.08727272727272728,
    "neutral": 0.7927272727272727,
    "down": 0.12
  },
  "predicted_distribution_val": {
    "up": 55,
    "neutral": 154,
    "down": 66
  },
  "actual_distribution_val": {
    "up": 43,
    "neutral": 194,
    "down": 38
  },
  "class_weight_balanced": {
    "up": 2.7456140518188477,
    "neutral": 0.43883630633354187,
    "down": 2.8008947372436523
  },
  "per_class_accuracy": {
    "up": {
      "correct": 9,
      "total": 43,
      "accuracy": 0.20930232558139536
    },
    "neutral": {
      "correct": 116,
      "total": 194,
      "accuracy": 0.5979381443298969
    },
    "down": {
      "correct": 13,
      "total": 38,
      "accuracy": 0.34210526315789475
    }
  },
  "per_class_accuracy_test": {
    "up": {
      "correct": 6,
      "total": 24,
      "accuracy": 0.25
    },
    "neutral": {
      "correct": 123,
      "total": 218,
      "accuracy": 0.5642201834862385
    },
    "down": {
      "correct": 7,
      "total": 33,
      "accuracy": 0.21212121212121213
    }
  },
  "final_train_loss": 0.880833495158357,
  "final_val_loss": 1.1977090701189907,
  "early_stopped": true
}