epoch,train_loss,val_loss,lr
1,1.0003929591329317,0.9859531349030094,0.001
2,0.9425614417915464,0.9335525383551916,0.001
