{
  "best_epoch": 5,
  "epochs_ran": 20,
  "best_val_loss": 0.23596371683207426,
  "best_val_balanced_accuracy": 0.34944444444444445,
  "val_accuracy": 0.09454545454545454,
  "val_balanced_accuracy": 0.34944444444444445,
  "test_accuracy": 0.06934306569343066,
  "test_balanced_accuracy": 0.32375478927203066,
  "train_windows": 1252,
  "val_windows": 275,
  "test_windows": 274,
  "neutral_threshold": 0.005,
  "focal_gamma": 3.0,
  "class_distribution_train": {
    "up": 87,
    "neutral": 1063,
    "down": 102
  },
  "class_distribution_val": {
    "up": 25,
    "neutral": 226,
    "down": 24
  },
  "class_distribution_test": {
    "up": 18,
    "neutral": 227,
    "down": 29
  },
  "class_distribution_train_pct": {
    "up": 0.0694888178913738,
    "neutral": 0.8490415335463258,
    "down": 0.08146964856230032
  },
  "class_distribution_val_pct": {
    "up": 0.09090909090909091,
    "neutral": 0.8218181818181818,
    "down": 0.08727272727272728
  },
  "class_distribution_test_pct": {
    "up": 0.06569343065693431,
    "neutral": 0.8284671532846716,
    "down": 0.10583941605839416
  },
  "predicted_distribution_val": {
    "up": 224,
    "neutral": 0,
    "down": 51
  },
  "actual_distribution_val": {
    "up": 25,
    "neutral": 226,
    "down": 24
  },
  "class_weight_balanced": {
    "up": 4.796935081481934,
    "neutral": 0.39259955286979675,
    "down": 4.091503143310547
  },
  "per_class_accuracy": {
    "up": {
      "correct": 21,
      "total": 25,
      "accuracy": 0.84
    },
    "neutral": {
      "correct": 0,
      "total": 226,
      "accuracy": 0.0
    },
    "down": {
      "correct": 5,
      "total": 24,
      "accuracy": 0.20833333333333334
    }
  },
  "per_class_accuracy_test": {
    "up": {
      "correct": 15,
      "total": 18,
      "accuracy": 0.8333333333333334
    },
    "neutral": {
      "correct": 0,
      "total": 227,
      "accuracy": 0.0
    },
    "down": {
      "correct": 4,
      "total": 29,
      "accuracy": 0.13793103448275862
    }
  },
  "final_train_loss": 0.040258218686039834,
  "final_val_loss": 0.3632332641428167,
  "early_stopped": true
}