{
  "best_epoch": 12,
  "epochs_ran": 27,
  "best_val_loss": 1.2489763628352772,
  "best_val_balanced_accuracy": 0.4284622105723023,
  "val_accuracy": 0.6981818181818182,
  "val_balanced_accuracy": 0.4284622105723023,
  "test_accuracy": 0.7127272727272728,
  "test_balanced_accuracy": 0.3206784083496412,
  "train_windows": 1252,
  "val_windows": 275,
  "test_windows": 275,
  "neutral_threshold": 0.0045,
  "class_distribution_train": {
    "up": 101,
    "neutral": 1034,
    "down": 117
  },
  "class_distribution_val": {
    "up": 28,
    "neutral": 218,
    "down": 29
  },
  "class_distribution_test": {
    "up": 21,
    "neutral": 219,
    "down": 35
  },
  "class_distribution_train_pct": {
    "up": 0.08067092651757188,
    "neutral": 0.8258785942492013,
    "down": 0.09345047923322684
  },
  "class_distribution_val_pct": {
    "up": 0.10181818181818182,
    "neutral": 0.7927272727272727,
    "down": 0.10545454545454545
  },
  "class_distribution_test_pct": {
    "up": 0.07636363636363637,
    "neutral": 0.7963636363636364,
    "down": 0.12727272727272726
  },
  "predicted_distribution_val": {
    "up": 59,
    "neutral": 211,
    "down": 5
  },
  "actual_distribution_val": {
    "up": 28,
    "neutral": 218,
    "down": 29
  },
  "class_weight_balanced": {
    "up": 4.132013320922852,
    "neutral": 0.40361058712005615,
    "down": 3.5669515132904053
  },
  "per_class_accuracy": {
    "up": {
      "correct": 13,
      "total": 28,
      "accuracy": 0.4642857142857143
    },
    "neutral": {
      "correct": 179,
      "total": 218,
      "accuracy": 0.8211009174311926
    },
    "down": {
      "correct": 0,
      "total": 29,
      "accuracy": 0.0
    }
  },
  "per_class_accuracy_test": {
    "up": {
      "correct": 1,
      "total": 21,
      "accuracy": 0.047619047619047616
    },
    "neutral": {
      "correct": 194,
      "total": 219,
      "accuracy": 0.8858447488584474
    },
    "down": {
      "correct": 1,
      "total": 35,
      "accuracy": 0.02857142857142857
    }
  },
  "final_train_loss": 0.5771861610511622,
  "final_val_loss": 2.024990425109863,
  "early_stopped": true
}