{
  "best_epoch": 8,
  "epochs_ran": 23,
  "best_val_loss": 0.19379927044565026,
  "best_val_balanced_accuracy": 0.35824809861001833,
  "val_accuracy": 0.13090909090909092,
  "val_balanced_accuracy": 0.35824809861001833,
  "test_accuracy": 0.10218978102189781,
  "test_balanced_accuracy": 0.35555555555555557,
  "train_windows": 1252,
  "val_windows": 275,
  "test_windows": 274,
  "neutral_threshold": 0.005,
  "focal_gamma": 3.0,
  "class_distribution_train": {
    "up": 133,
    "neutral": 993,
    "down": 126
  },
  "class_distribution_val": {
    "up": 41,
    "neutral": 203,
    "down": 31
  },
  "class_distribution_test": {
    "up": 22,
    "neutral": 222,
    "down": 30
  },
  "class_distribution_train_pct": {
    "up": 0.1062300319488818,
    "neutral": 0.7931309904153354,
    "down": 0.10063897763578275
  },
  "class_distribution_val_pct": {
    "up": 0.14909090909090908,
    "neutral": 0.7381818181818182,
    "down": 0.11272727272727273
  },
  "class_distribution_test_pct": {
    "up": 0.08029197080291971,
    "neutral": 0.8102189781021898,
    "down": 0.10948905109489052
  },
  "predicted_distribution_val": {
    "up": 72,
    "neutral": 0,
    "down": 203
  },
  "actual_distribution_val": {
    "up": 41,
    "neutral": 203,
    "down": 31
  },
  "class_weight_balanced": {
    "up": 3.1378445625305176,
    "neutral": 0.4202752709388733,
    "down": 3.312169313430786
  },
  "per_class_accuracy": {
    "up": {
      "correct": 11,
      "total": 41,
      "accuracy": 0.2682926829268293
    },
    "neutral": {
      "correct": 0,
      "total": 203,
      "accuracy": 0.0
    },
    "down": {
      "correct": 25,
      "total": 31,
      "accuracy": 0.8064516129032258
    }
  },
  "per_class_accuracy_test": {
    "up": {
      "correct": 11,
      "total": 22,
      "accuracy": 0.5
    },
    "neutral": {
      "correct": 0,
      "total": 222,
      "accuracy": 0.0
    },
    "down": {
      "correct": 17,
      "total": 30,
      "accuracy": 0.5666666666666667
    }
  },
  "final_train_loss": 0.03965084621319755,
  "final_val_loss": 0.27345820291475814,
  "early_stopped": true
}