{
  "up": {
    "correct": 11,
    "total": 41,
    "accuracy": 0.2682926829268293
  },
  "neutral": {
    "correct": 0,
    "total": 203,
    "accuracy": 0.0
  },
  "down": {
    "correct": 25,
    "total": 31,
    "accuracy": 0.8064516129032258
  }
}