{
  "best_epoch": 4,
  "epochs_ran": 9,
  "best_val_loss_scaled": 1.2246530240232294,
  "val_rmse_returns": 0.0053937435862946685,
  "val_mae_returns": 0.0032023368125193934,
  "test_rmse_returns": 0.006745269418754336,
  "test_mae_returns": 0.004051774593945179,
  "val_directional_accuracy": 0.5272727272727272,
  "arima_order": [
    5,
    1,
    0
  ],
  "train_sequences": 1262,
  "val_sequences": 275,
  "test_sequences": 275,
  "train_split_index": 1282,
  "val_split_index": 1557,
  "final_train_loss": 0.859653215353538,
  "final_val_loss": 1.270547464760867,
  "early_stopped": true,
  "test_sharpe": 0.31378440836818106,
  "test_max_drawdown": 0.12202962735678968,
  "test_win_rate": 0.4690909090909091,
  "test_profit_factor": 1.0288463031828519,
  "test_average_trade_return": 4.8245382799713636e-05,
  "test_total_trades": 275
}