{
  "best_epoch": 2,
  "epochs_ran": 2,
  "best_val_loss": 0.11304593599504895,
  "best_val_balanced_accuracy": 0.39886039886039887,
  "val_accuracy": 0.1111111111111111,
  "val_balanced_accuracy": 0.39886039886039887,
  "test_accuracy": 0.0893854748603352,
  "test_balanced_accuracy": 0.34771241830065364,
  "train_windows": 809,
  "val_windows": 180,
  "test_windows": 179,
  "neutral_threshold": 0.005,
  "focal_gamma": 3.0,
  "class_distribution_train": {
    "up": 85,
    "neutral": 639,
    "down": 85
  },
  "class_distribution_val": {
    "up": 13,
    "neutral": 149,
    "down": 18
  },
  "class_distribution_test": {
    "up": 17,
    "neutral": 147,
    "down": 15
  },
  "class_distribution_train_pct": {
    "up": 0.10506798516687268,
    "neutral": 0.7898640296662547,
    "down": 0.10506798516687268
  },
  "class_distribution_val_pct": {
    "up": 0.07222222222222222,
    "neutral": 0.8277777777777777,
    "down": 0.1
  },
  "class_distribution_test_pct": {
    "up": 0.09497206703910614,
    "neutral": 0.8212290502793296,
    "down": 0.08379888268156424
  },
  "predicted_distribution_val": {
    "up": 51,
    "neutral": 0,
    "down": 129
  },
  "actual_distribution_val": {
    "up": 13,
    "neutral": 149,
    "down": 18
  },
  "class_weight_balanced": {
    "up": 3.17254900932312,
    "neutral": 0.4220135509967804,
    "down": 3.17254900932312
  },
  "per_class_accuracy": {
    "up": {
      "correct": 4,
      "total": 13,
      "accuracy": 0.3076923076923077
    },
    "neutral": {
      "correct": 0,
      "total": 149,
      "accuracy": 0.0
    },
    "down": {
      "correct": 16,
      "total": 18,
      "accuracy": 0.8888888888888888
    }
  },
  "per_class_accuracy_test": {
    "up": {
      "correct": 3,
      "total": 17,
      "accuracy": 0.17647058823529413
    },
    "neutral": {
      "correct": 0,
      "total": 147,
      "accuracy": 0.0
    },
    "down": {
      "correct": 13,
      "total": 15,
      "accuracy": 0.8666666666666667
    }
  },
  "final_train_loss": 0.20944514712238194,
  "final_val_loss": 0.11304593599504895,
  "early_stopped": false
}