{
  "up": {
    "correct": 4,
    "total": 13,
    "accuracy": 0.3076923076923077
  },
  "neutral": {
    "correct": 0,
    "total": 149,
    "accuracy": 0.0
  },
  "down": {
    "correct": 16,
    "total": 18,
    "accuracy": 0.8888888888888888
  }
}