{
  "up": {
    "correct": 12,
    "total": 28,
    "accuracy": 0.42857142857142855
  },
  "neutral": {
    "correct": 179,
    "total": 219,
    "accuracy": 0.817351598173516
  },
  "down": {
    "correct": 6,
    "total": 28,
    "accuracy": 0.21428571428571427
  }
}