{
  "best_epoch": 7,
  "epochs_ran": 22,
  "best_val_loss": 0.14440337797977787,
  "best_val_balanced_accuracy": 0.47719298245614034,
  "val_accuracy": 0.10144927536231885,
  "val_balanced_accuracy": 0.47719298245614034,
  "test_accuracy": 0.04710144927536232,
  "test_balanced_accuracy": 0.2531328320802005,
  "train_windows": 1258,
  "val_windows": 276,
  "test_windows": 276,
  "neutral_threshold": 0.005,
  "focal_gamma": 3.0,
  "class_distribution_train": {
    "up": 101,
    "neutral": 1070,
    "down": 87
  },
  "class_distribution_val": {
    "up": 19,
    "neutral": 237,
    "down": 20
  },
  "class_distribution_test": {
    "up": 14,
    "neutral": 243,
    "down": 19
  },
  "class_distribution_train_pct": {
    "up": 0.08028616852146264,
    "neutral": 0.8505564387917329,
    "down": 0.06915739268680444
  },
  "class_distribution_val_pct": {
    "up": 0.06884057971014493,
    "neutral": 0.8586956521739131,
    "down": 0.07246376811594203
  },
  "class_distribution_test_pct": {
    "up": 0.050724637681159424,
    "neutral": 0.8804347826086957,
    "down": 0.06884057971014493
  },
  "predicted_distribution_val": {
    "up": 120,
    "neutral": 0,
    "down": 156
  },
  "actual_distribution_val": {
    "up": 19,
    "neutral": 237,
    "down": 20
  },
  "class_weight_balanced": {
    "up": 4.151815414428711,
    "neutral": 0.39190030097961426,
    "down": 4.819923400878906
  },
  "per_class_accuracy": {
    "up": {
      "correct": 12,
      "total": 19,
      "accuracy": 0.631578947368421
    },
    "neutral": {
      "correct": 0,
      "total": 237,
      "accuracy": 0.0
    },
    "down": {
      "correct": 16,
      "total": 20,
      "accuracy": 0.8
    }
  },
  "per_class_accuracy_test": {
    "up": {
      "correct": 4,
      "total": 14,
      "accuracy": 0.2857142857142857
    },
    "neutral": {
      "correct": 0,
      "total": 243,
      "accuracy": 0.0
    },
    "down": {
      "correct": 9,
      "total": 19,
      "accuracy": 0.47368421052631576
    }
  },
  "final_train_loss": 0.0798598567633897,
  "final_val_loss": 0.18083750283804492,
  "early_stopped": true
}