{
  "up": {
    "correct": 13,
    "total": 24,
    "accuracy": 0.5416666666666666
  },
  "neutral": {
    "correct": 100,
    "total": 228,
    "accuracy": 0.43859649122807015
  },
  "down": {
    "correct": 11,
    "total": 24,
    "accuracy": 0.4583333333333333
  }
}