{
  "best_epoch": 1,
  "epochs_ran": 2,
  "best_val_loss_scaled": 1.0104676272652366,
  "val_rmse_returns": 0.007003553248865025,
  "val_mae_returns": 0.004517219035975791,
  "test_rmse_returns": 0.007347936795915481,
  "test_mae_returns": 0.004255167214878857,
  "val_directional_accuracy": 0.5345454545454545,
  "arima_order": [
    5,
    1,
    0
  ],
  "train_sequences": 1262,
  "val_sequences": 275,
  "test_sequences": 275,
  "train_split_index": 1282,
  "val_split_index": 1557,
  "final_train_loss": 0.995301351919416,
  "final_val_loss": 1.0339565684578635,
  "early_stopped": true,
  "test_sharpe": -0.24487546563698248,
  "test_max_drawdown": 0.09539891381500465,
  "test_win_rate": 0.5418181818181819,
  "test_profit_factor": 0.9771351591225529,
  "test_average_trade_return": -4.1465338919550556e-05,
  "test_total_trades": 275
}