epoch,train_loss,val_loss,lr
1,1.0400267102639007,1.0104676272652366,0.001
2,0.995301351919416,1.0339565684578635,0.001
