{
  "best_epoch": 6,
  "epochs_ran": 21,
  "best_val_loss_scaled": 1.235414445400238,
  "val_rmse_returns": 0.0054173897929587,
  "val_mae_returns": 0.003162746493320791,
  "test_rmse_returns": 0.007014119655055836,
  "test_mae_returns": 0.004434403719095365,
  "val_directional_accuracy": 0.509090909090909,
  "arima_order": [
    5,
    1,
    0
  ],
  "train_sequences": 1262,
  "val_sequences": 275,
  "test_sequences": 275,
  "train_split_index": 1282,
  "val_split_index": 1557,
  "final_train_loss": 0.7378470141989683,
  "final_val_loss": 1.4500916908004067,
  "early_stopped": true,
  "test_sharpe": 1.6034386317850942,
  "test_max_drawdown": 0.12437181909852713,
  "test_win_rate": 0.509090909090909,
  "test_profit_factor": 1.1565659145313891,
  "test_average_trade_return": 0.00024634810352049786,
  "test_total_trades": 275
}