{
  "up": {
    "correct": 64,
    "total": 122,
    "accuracy": 0.5245901639344263
  },
  "neutral": {
    "correct": 37,
    "total": 47,
    "accuracy": 0.7872340425531915
  },
  "down": {
    "correct": 7,
    "total": 106,
    "accuracy": 0.0660377358490566
  }
}