{
  "best_epoch": 3,
  "epochs_ran": 18,
  "best_val_loss": 1.2233358349118915,
  "val_accuracy": 0.17142857142857143,
  "val_balanced_accuracy": 0.1685823754789272,
  "train_windows": 107,
  "val_windows": 35,
  "neutral_threshold": 0.0045,
  "class_distribution_train": {
    "up": 17,
    "neutral": 76,
    "down": 14
  },
  "class_distribution_val": {
    "up": 3,
    "neutral": 29,
    "down": 3
  },
  "class_weight_balanced": {
    "up": 2.098039150238037,
    "neutral": 0.46929824352264404,
    "down": 2.547619104385376
  },
  "per_class_accuracy": {
    "up": {
      "correct": 0,
      "total": 3,
      "accuracy": 0.0
    },
    "neutral": {
      "correct": 5,
      "total": 29,
      "accuracy": 0.1724137931034483
    },
    "down": {
      "correct": 1,
      "total": 3,
      "accuracy": 0.3333333333333333
    }
  }
}