{
  "up": {
    "correct": 0,
    "total": 3,
    "accuracy": 0.0
  },
  "neutral": {
    "correct": 5,
    "total": 29,
    "accuracy": 0.1724137931034483
  },
  "down": {
    "correct": 1,
    "total": 3,
    "accuracy": 0.3333333333333333
  }
}