{
  "best_epoch": 3,
  "epochs_ran": 28,
  "best_val_loss": 1.0989388825133322,
  "val_accuracy": 0.7193460490463215,
  "val_balanced_accuracy": 0.35809911153073326,
  "train_windows": 1438,
  "val_windows": 367,
  "neutral_threshold": 0.0045,
  "class_distribution_train": {
    "up": 153,
    "neutral": 1132,
    "down": 153
  },
  "class_distribution_val": {
    "up": 37,
    "neutral": 281,
    "down": 49
  },
  "class_weight_balanced": {
    "up": 3.1328976154327393,
    "neutral": 0.4234393537044525,
    "down": 3.1328976154327393
  },
  "per_class_accuracy": {
    "up": {
      "correct": 0,
      "total": 37,
      "accuracy": 0.0
    },
    "neutral": {
      "correct": 256,
      "total": 281,
      "accuracy": 0.9110320284697508
    },
    "down": {
      "correct": 8,
      "total": 49,
      "accuracy": 0.16326530612244897
    }
  }
}