{
  "up": {
    "correct": 0,
    "total": 37,
    "accuracy": 0.0
  },
  "neutral": {
    "correct": 256,
    "total": 281,
    "accuracy": 0.9110320284697508
  },
  "down": {
    "correct": 8,
    "total": 49,
    "accuracy": 0.16326530612244897
  }
}