{
  "best_epoch": 11,
  "epochs_ran": 26,
  "best_val_loss_scaled": 0.9571607778037804,
  "val_rmse_returns": 0.004880955151671995,
  "val_mae_returns": 0.003028444765153349,
  "test_rmse_returns": 0.004896370138435939,
  "test_mae_returns": 0.003180298464700469,
  "val_directional_accuracy": 0.5289855072463768,
  "arima_order": [
    5,
    1,
    0
  ],
  "train_sequences": 1268,
  "val_sequences": 276,
  "test_sequences": 277,
  "train_split_index": 1288,
  "val_split_index": 1564,
  "final_train_loss": 0.7435751589784863,
  "final_val_loss": 1.0510634032712467,
  "early_stopped": true,
  "test_sharpe": -0.48939879740635117,
  "test_max_drawdown": 0.08311524111797075,
  "test_win_rate": 0.516245487364621,
  "test_profit_factor": 0.9604808205547855,
  "test_average_trade_return": -5.4693916722003314e-05,
  "test_total_trades": 277
}