{
  "best_epoch": 4,
  "epochs_ran": 19,
  "best_val_loss_scaled": 0.9941211700439453,
  "val_rmse_returns": 0.006946673630533938,
  "val_mae_returns": 0.00443552929464386,
  "test_rmse_returns": 0.007253533665111772,
  "test_mae_returns": 0.004213500407528738,
  "val_directional_accuracy": 0.5163636363636364,
  "arima_order": [
    5,
    1,
    0
  ],
  "train_sequences": 1262,
  "val_sequences": 275,
  "test_sequences": 275,
  "train_split_index": 1282,
  "val_split_index": 1557,
  "final_train_loss": 0.8466353334734443,
  "final_val_loss": 1.1642628487673672,
  "early_stopped": true,
  "test_sharpe": 1.758454824957916,
  "test_max_drawdown": 0.0779498798008299,
  "test_win_rate": 0.5018181818181818,
  "test_profit_factor": 1.180951498834141,
  "test_average_trade_return": 0.00029748808252253475,
  "test_total_trades": 275
}