{
  "best_epoch": 5,
  "epochs_ran": 20,
  "best_val_loss_scaled": 0.9277594835107976,
  "val_rmse_returns": 0.006710809902102753,
  "val_mae_returns": 0.004268481791285993,
  "test_rmse_returns": 0.007182528843168281,
  "test_mae_returns": 0.004119645955268804,
  "val_directional_accuracy": 0.5127272727272727,
  "arima_order": [
    5,
    1,
    0
  ],
  "train_sequences": 1262,
  "val_sequences": 275,
  "test_sequences": 275,
  "train_split_index": 1282,
  "val_split_index": 1557,
  "final_train_loss": 0.8056931265891071,
  "final_val_loss": 1.0873195388100363,
  "early_stopped": true,
  "test_sharpe": 6.503510039107591,
  "test_max_drawdown": 0.04825305619218434,
  "test_win_rate": 0.5636363636363636,
  "test_profit_factor": 1.8704861551146243,
  "test_average_trade_return": 0.0010873260850282457,
  "test_total_trades": 275
}