{
  "best_epoch": 2,
  "epochs_ran": 2,
  "best_val_loss_scaled": 0.6195862372716268,
  "val_rmse_returns": 0.005248573715158556,
  "val_mae_returns": 0.0037035708849867182,
  "test_rmse_returns": 0.006278571611269572,
  "test_mae_returns": 0.0038449090750265085,
  "val_directional_accuracy": 0.4666666666666667,
  "arima_order": [
    5,
    1,
    0
  ],
  "train_sequences": 819,
  "val_sequences": 180,
  "test_sequences": 180,
  "train_split_index": 839,
  "val_split_index": 1019,
  "final_train_loss": 0.9717747152069987,
  "final_val_loss": 0.6195862372716268,
  "early_stopped": false,
  "test_sharpe": -1.6824691240154013,
  "test_max_drawdown": 0.09905569892440846,
  "test_win_rate": 0.5166666666666667,
  "test_profit_factor": 0.864676976284141,
  "test_average_trade_return": -0.00024611534485446116,
  "test_total_trades": 180
}