epoch,train_loss,val_loss,lr
1,1.0468092116098555,0.6430801563792758,0.001
2,0.9717747152069987,0.6195862372716268,0.001
