{
  "best_epoch": 6,
  "epochs_ran": 21,
  "best_val_loss_scaled": 1.1895382563634351,
  "val_rmse_returns": 0.006882455975274599,
  "val_mae_returns": 0.0036839765751843167,
  "test_rmse_returns": 0.00842046080172527,
  "test_mae_returns": 0.004870741329306415,
  "val_directional_accuracy": 0.48727272727272725,
  "arima_order": [
    5,
    1,
    0
  ],
  "train_sequences": 1263,
  "val_sequences": 275,
  "test_sequences": 276,
  "train_split_index": 1283,
  "val_split_index": 1558,
  "final_train_loss": 0.7475714504907552,
  "final_val_loss": 1.2705464480681854,
  "early_stopped": true,
  "test_sharpe": -0.8634742466641832,
  "test_max_drawdown": 0.1180183597344282,
  "test_win_rate": 0.5036231884057971,
  "test_profit_factor": 0.9188061502781985,
  "test_average_trade_return": -0.0001666490837817877,
  "test_total_trades": 276
}