{
  "best_epoch": 1,
  "epochs_ran": 6,
  "best_val_loss": 0.17066871968732364,
  "best_val_balanced_accuracy": 0.3333333333333333,
  "val_accuracy": 0.17753623188405798,
  "val_balanced_accuracy": 0.3333333333333333,
  "test_accuracy": 0.22826086956521738,
  "test_balanced_accuracy": 0.3333333333333333,
  "train_windows": 1258,
  "val_windows": 276,
  "test_windows": 276,
  "neutral_threshold": 0.0005851308512768253,
  "focal_gamma": 1.167584351124674,
  "class_distribution_train": {
    "up": 527,
    "neutral": 254,
    "down": 477
  },
  "class_distribution_val": {
    "up": 106,
    "neutral": 49,
    "down": 121
  },
  "class_distribution_test": {
    "up": 108,
    "neutral": 63,
    "down": 105
  },
  "class_distribution_train_pct": {
    "up": 0.4189189189189189,
    "neutral": 0.20190779014308427,
    "down": 0.37917329093799684
  },
  "class_distribution_val_pct": {
    "up": 0.38405797101449274,
    "neutral": 0.17753623188405798,
    "down": 0.4384057971014493
  },
  "class_distribution_test_pct": {
    "up": 0.391304347826087,
    "neutral": 0.22826086956521738,
    "down": 0.3804347826086957
  },
  "predicted_distribution_val": {
    "up": 0,
    "neutral": 276,
    "down": 0
  },
  "actual_distribution_val": {
    "up": 106,
    "neutral": 49,
    "down": 121
  },
  "class_weight_balanced": {
    "up": 0.7956989407539368,
    "neutral": 1.6509186029434204,
    "down": 0.8791055083274841
  },
  "per_class_accuracy": {
    "up": {
      "correct": 0,
      "total": 106,
      "accuracy": 0.0
    },
    "neutral": {
      "correct": 49,
      "total": 49,
      "accuracy": 1.0
    },
    "down": {
      "correct": 0,
      "total": 121,
      "accuracy": 0.0
    }
  },
  "per_class_accuracy_test": {
    "up": {
      "correct": 0,
      "total": 108,
      "accuracy": 0.0
    },
    "neutral": {
      "correct": 63,
      "total": 63,
      "accuracy": 1.0
    },
    "down": {
      "correct": 0,
      "total": 105,
      "accuracy": 0.0
    }
  },
  "final_train_loss": 0.1745378534725626,
  "final_val_loss": 0.17069105544815893,
  "early_stopped": true
}