{
  "best_epoch": 12,
  "epochs_ran": 27,
  "best_val_loss": 1.6462688567421653,
  "best_val_balanced_accuracy": 0.41470134218307697,
  "val_accuracy": 0.5963636363636363,
  "val_balanced_accuracy": 0.41470134218307697,
  "test_accuracy": 0.5636363636363636,
  "test_balanced_accuracy": 0.30079464368455194,
  "train_windows": 1252,
  "val_windows": 275,
  "test_windows": 275,
  "neutral_threshold": 0.0045,
  "class_distribution_train": {
    "up": 152,
    "neutral": 951,
    "down": 149
  },
  "class_distribution_val": {
    "up": 43,
    "neutral": 194,
    "down": 38
  },
  "class_distribution_test": {
    "up": 24,
    "neutral": 218,
    "down": 33
  },
  "class_distribution_train_pct": {
    "up": 0.12140575079872204,
    "neutral": 0.7595846645367412,
    "down": 0.11900958466453675
  },
  "class_distribution_val_pct": {
    "up": 0.15636363636363637,
    "neutral": 0.7054545454545454,
    "down": 0.13818181818181818
  },
  "class_distribution_test_pct": {
    "up": 0.08727272727272728,
    "neutral": 0.7927272727272727,
    "down": 0.12
  },
  "predicted_distribution_val": {
    "up": 31,
    "neutral": 185,
    "down": 59
  },
  "actual_distribution_val": {
    "up": 43,
    "neutral": 194,
    "down": 38
  },
  "class_weight_balanced": {
    "up": 2.7456140518188477,
    "neutral": 0.43883630633354187,
    "down": 2.8008947372436523
  },
  "per_class_accuracy": {
    "up": {
      "correct": 8,
      "total": 43,
      "accuracy": 0.18604651162790697
    },
    "neutral": {
      "correct": 144,
      "total": 194,
      "accuracy": 0.7422680412371134
    },
    "down": {
      "correct": 12,
      "total": 38,
      "accuracy": 0.3157894736842105
    }
  },
  "per_class_accuracy_test": {
    "up": {
      "correct": 1,
      "total": 24,
      "accuracy": 0.041666666666666664
    },
    "neutral": {
      "correct": 148,
      "total": 218,
      "accuracy": 0.6788990825688074
    },
    "down": {
      "correct": 6,
      "total": 33,
      "accuracy": 0.18181818181818182
    }
  },
  "final_train_loss": 0.4125404061910253,
  "final_val_loss": 2.495680501244285,
  "early_stopped": true
}