{
  "best_epoch": 10,
  "epochs_ran": 25,
  "best_val_loss_scaled": 1.2369411834803494,
  "val_rmse_returns": 0.005420736117635509,
  "val_mae_returns": 0.003208168328973371,
  "test_rmse_returns": 0.0065757820170518596,
  "test_mae_returns": 0.0037685211245892937,
  "val_directional_accuracy": 0.49454545454545457,
  "arima_order": [
    5,
    1,
    0
  ],
  "train_sequences": 1262,
  "val_sequences": 275,
  "test_sequences": 275,
  "train_split_index": 1282,
  "val_split_index": 1557,
  "final_train_loss": 0.760018031967423,
  "final_val_loss": 1.6012340944463557,
  "early_stopped": true,
  "test_sharpe": -1.6433662919892584,
  "test_max_drawdown": 0.13327207189701729,
  "test_win_rate": 0.4618181818181818,
  "test_profit_factor": 0.8614962531036431,
  "test_average_trade_return": -0.0002524725095072348,
  "test_total_trades": 275
}