variant,accuracy,macro_f1
weighted_consensus_baseline,0.16666666666666666,0.15810393925011865
no_sentiment,0.1111111111111111,0.11213585126628604
no_regime,0.1111111111111111,0.11213585126628604
simple_average,0.16666666666666666,0.15810393925011865
