{
  "best_epoch": 9,
  "epochs_ran": 24,
  "best_val_loss": 0.16789357775991612,
  "best_val_balanced_accuracy": 0.41271096053704753,
  "val_accuracy": 0.4036363636363636,
  "val_balanced_accuracy": 0.41271096053704753,
  "test_accuracy": 0.4254545454545455,
  "test_balanced_accuracy": 0.36415436415436414,
  "train_windows": 1253,
  "val_windows": 275,
  "test_windows": 275,
  "neutral_threshold": 0.0006547007805133192,
  "focal_gamma": 1.1448552999315933,
  "class_distribution_train": {
    "up": 504,
    "neutral": 251,
    "down": 498
  },
  "class_distribution_val": {
    "up": 115,
    "neutral": 55,
    "down": 105
  },
  "class_distribution_test": {
    "up": 92,
    "neutral": 66,
    "down": 117
  },
  "class_distribution_train_pct": {
    "up": 0.4022346368715084,
    "neutral": 0.20031923383878691,
    "down": 0.3974461292897047
  },
  "class_distribution_val_pct": {
    "up": 0.41818181818181815,
    "neutral": 0.2,
    "down": 0.38181818181818183
  },
  "class_distribution_test_pct": {
    "up": 0.33454545454545453,
    "neutral": 0.24,
    "down": 0.4254545454545455
  },
  "predicted_distribution_val": {
    "up": 2,
    "neutral": 51,
    "down": 222
  },
  "actual_distribution_val": {
    "up": 115,
    "neutral": 55,
    "down": 105
  },
  "class_weight_balanced": {
    "up": 0.8287037014961243,
    "neutral": 1.6640106439590454,
    "down": 0.83868807554245
  },
  "per_class_accuracy": {
    "up": {
      "correct": 1,
      "total": 115,
      "accuracy": 0.008695652173913044
    },
    "neutral": {
      "correct": 21,
      "total": 55,
      "accuracy": 0.38181818181818183
    },
    "down": {
      "correct": 89,
      "total": 105,
      "accuracy": 0.8476190476190476
    }
  },
  "per_class_accuracy_test": {
    "up": {
      "correct": 0,
      "total": 92,
      "accuracy": 0.0
    },
    "neutral": {
      "correct": 14,
      "total": 66,
      "accuracy": 0.21212121212121213
    },
    "down": {
      "correct": 103,
      "total": 117,
      "accuracy": 0.8803418803418803
    }
  },
  "final_train_loss": 0.14836360107444327,
  "final_val_loss": 0.17330198445103384,
  "early_stopped": true
}