{
  "best_epoch": 7,
  "epochs_ran": 10,
  "best_val_loss_scaled": 0.9485735685175115,
  "val_rmse_returns": 0.006785669965211608,
  "val_mae_returns": 0.004233175195409555,
  "test_rmse_returns": 0.0072471193416004725,
  "test_mae_returns": 0.004174801083740836,
  "val_directional_accuracy": 0.5272727272727272,
  "arima_order": [
    5,
    1,
    0
  ],
  "train_sequences": 1262,
  "val_sequences": 275,
  "test_sequences": 275,
  "train_split_index": 1282,
  "val_split_index": 1557,
  "final_train_loss": 0.902067269462791,
  "final_val_loss": 0.9858264636993408,
  "early_stopped": true,
  "test_sharpe": 0.29349875282457416,
  "test_max_drawdown": 0.08310510935058824,
  "test_win_rate": 0.5454545454545454,
  "test_profit_factor": 1.0281113127479782,
  "test_average_trade_return": 4.969843746664121e-05,
  "test_total_trades": 275
}