{
  "best_epoch": 2,
  "epochs_ran": 2,
  "best_val_loss": 1.0566152325574902,
  "val_accuracy": 0.5978260869565217,
  "val_balanced_accuracy": 0.45248538011695905,
  "test_accuracy": 0.48014440433212996,
  "test_balanced_accuracy": 0.35292777398040553,
  "train_windows": 1258,
  "val_windows": 276,
  "test_windows": 277,
  "neutral_threshold": 0.0045,
  "class_distribution_train": {
    "up": 118,
    "neutral": 1036,
    "down": 104
  },
  "class_distribution_val": {
    "up": 24,
    "neutral": 228,
    "down": 24
  },
  "class_distribution_test": {
    "up": 19,
    "neutral": 231,
    "down": 27
  },
  "class_distribution_train_pct": {
    "up": 0.09379968203497616,
    "neutral": 0.8235294117647058,
    "down": 0.08267090620031796
  },
  "class_distribution_val_pct": {
    "up": 0.08695652173913043,
    "neutral": 0.8260869565217391,
    "down": 0.08695652173913043
  },
  "class_distribution_test_pct": {
    "up": 0.06859205776173286,
    "neutral": 0.8339350180505415,
    "down": 0.09747292418772563
  },
  "predicted_distribution_val": {
    "up": 108,
    "neutral": 167,
    "down": 1
  },
  "actual_distribution_val": {
    "up": 24,
    "neutral": 228,
    "down": 24
  },
  "class_weight_balanced": {
    "up": 3.5536723136901855,
    "neutral": 0.4047619104385376,
    "down": 4.032051086425781
  },
  "per_class_accuracy": {
    "up": {
      "correct": 17,
      "total": 24,
      "accuracy": 0.7083333333333334
    },
    "neutral": {
      "correct": 148,
      "total": 228,
      "accuracy": 0.6491228070175439
    },
    "down": {
      "correct": 0,
      "total": 24,
      "accuracy": 0.0
    }
  },
  "per_class_accuracy_test": {
    "up": {
      "correct": 10,
      "total": 19,
      "accuracy": 0.5263157894736842
    },
    "neutral": {
      "correct": 123,
      "total": 231,
      "accuracy": 0.5324675324675324
    },
    "down": {
      "correct": 0,
      "total": 27,
      "accuracy": 0.0
    }
  },
  "final_train_loss": 1.1160329368042452,
  "final_val_loss": 1.0566152325574902,
  "early_stopped": false
}