{
  "up": {
    "correct": 17,
    "total": 24,
    "accuracy": 0.7083333333333334
  },
  "neutral": {
    "correct": 148,
    "total": 228,
    "accuracy": 0.6491228070175439
  },
  "down": {
    "correct": 0,
    "total": 24,
    "accuracy": 0.0
  }
}