{
  "best_epoch": 6,
  "epochs_ran": 21,
  "best_val_loss_scaled": 1.2256199836730957,
  "val_rmse_returns": 0.005395872244197328,
  "val_mae_returns": 0.0031673138060582017,
  "test_rmse_returns": 0.00653192687905532,
  "test_mae_returns": 0.003754453352645196,
  "val_directional_accuracy": 0.49818181818181817,
  "arima_order": [
    5,
    1,
    0
  ],
  "train_sequences": 1262,
  "val_sequences": 275,
  "test_sequences": 275,
  "train_split_index": 1282,
  "val_split_index": 1557,
  "final_train_loss": 0.7455368442505172,
  "final_val_loss": 1.4014679436250166,
  "early_stopped": true,
  "test_sharpe": -0.015524572024842389,
  "test_max_drawdown": 0.11966073793785892,
  "test_win_rate": 0.5018181818181818,
  "test_profit_factor": 0.9985940596186522,
  "test_average_trade_return": -2.387025472564621e-06,
  "test_total_trades": 275
}