{
  "run": {
    "timestamp_utc": "2026-03-20T17:03:18.836743+00:00",
    "interval": "1d",
    "epochs": 150,
    "batch_size": 128,
    "seq_len": 30,
    "symbols": [
      "INFY.NS",
      "RELIANCE.NS",
      "TATASTEEL.NS",
      "TCS.NS"
    ],
    "model_dir": "models/multi_symbol_cnn_updated_1d_recheck_20260320_223124"
  },
  "results": {
    "INFY.NS": {
      "threshold": 0.0036,
      "gamma": 2.0,
      "architecture": "full",
      "epochs_trained": 28,
      "neutral_pct": 0.21524201853759012,
      "cv_mean": 0.3467876051681903,
      "cv_std": 0.02686830506896568,
      "val_bal_acc": 0.3154314226603383,
      "test_bal_acc": 0.35698487379586213,
      "val_test_gap": 0.04155345113552383,
      "neutral_precision_val": 0.2911392405063291,
      "neutral_recall_val": 0.41818181818181815,
      "neutral_f1_val": 0.34328358208955223,
      "down_recall_val": 0.16666666666666666
    },
    "RELIANCE.NS": {
      "threshold": 0.0036,
      "gamma": 2.0,
      "architecture": "full",
      "epochs_trained": 40,
      "neutral_pct": 0.2059732234809475,
      "cv_mean": 0.3402376531612022,
      "cv_std": 0.03141497657435231,
      "val_bal_acc": 0.3817359937487506,
      "test_bal_acc": 0.3364718027249327,
      "val_test_gap": 0.0452641910238179,
      "neutral_precision_val": 0.3142857142857143,
      "neutral_recall_val": 0.676923076923077,
      "neutral_f1_val": 0.4292682926829268,
      "down_recall_val": 0.19117647058823528
    },
    "TATASTEEL.NS": {
      "threshold": 0.0066,
      "gamma": 4.0,
      "architecture": "shallow",
      "epochs_trained": 24,
      "neutral_pct": 0.203913491246138,
      "cv_mean": 0.32842296533283893,
      "cv_std": 0.026000800328183023,
      "val_bal_acc": 0.41366177041368046,
      "test_bal_acc": 0.3488770053475936,
      "val_test_gap": 0.06478476506608688,
      "neutral_precision_val": 0.5137614678899083,
      "neutral_recall_val": 0.5490196078431373,
      "neutral_f1_val": 0.5308056872037915,
      "down_recall_val": 0.46808510638297873
    },
    "TCS.NS": {
      "threshold": 0.003,
      "gamma": 2.0,
      "architecture": "full",
      "epochs_trained": 27,
      "neutral_pct": 0.20185375901132852,
      "cv_mean": 0.3519953837811965,
      "cv_std": 0.017093249142395548,
      "val_bal_acc": 0.333858214955776,
      "test_bal_acc": 0.3463432430267326,
      "val_test_gap": 0.012485028070956583,
      "neutral_precision_val": 0.25133689839572193,
      "neutral_recall_val": 0.8392857142857143,
      "neutral_f1_val": 0.3868312757201646,
      "down_recall_val": 0.07692307692307693
    }
  }
}